{"stats":{"minecraft:picked_up":{"minecraft:leather":4,"minecraft:lead":4,"minecraft:amethyst_shard":2,"minecraft:crying_obsidian":1,"minecraft:obsidian":1},"minecraft:dropped":{"minecraft:obsidian":1,"minecraft:crying_obsidian":1},"minecraft:killed":{"minecraft:trader_llama":2,"minecraft:wandering_trader":1},"minecraft:used":{"minecraft:redstone_torch":6,"minecraft:oak_fence":18,"minecraft:sticky_piston":1,"minecraft:amethyst_cluster":4,"minecraft:glass":90,"minecraft:lever":23,"minecraft:netherite_sword":11,"minecraft:end_rod":1,"minecraft:black_concrete":13,"minecraft:lava_bucket":37,"minecraft:ladder":6,"minecraft:spruce_slab":402,"minecraft:crying_obsidian":54,"minecraft:spruce_door":14,"minecraft:lodestone":23,"minecraft:birch_planks":92,"minecraft:birch_slab":104,"minecraft:lantern":9,"minecraft:iron_block":450,"minecraft:oak_stairs":31,"minecraft:gray_carpet":8,"minecraft:redstone":273,"minecraft:string":3,"minecraft:oak_planks":102,"minecraft:verdant_froglight":8,"minecraft:light_gray_carpet":6,"minecraft:black_carpet":3,"minecraft:spruce_planks":2133,"minecraft:sandstone":1,"minecraft:black_shulker_box":14,"minecraft:spruce_trapdoor":25,"minecraft:iron_door":9,"minecraft:smooth_quartz":3,"minecraft:cauldron":2,"minecraft:beacon":11,"minecraft:barrel":21,"minecraft:yellow_wool":50,"minecraft:item_frame":1,"minecraft:smooth_quartz_stairs":3,"minecraft:reinforced_deepslate":46,"minecraft:repeater":38,"minecraft:redstone_lamp":43,"minecraft:birch_pressure_plate":2,"minecraft:mangrove_trapdoor":31,"minecraft:white_carpet":6,"minecraft:iron_trapdoor":2,"minecraft:oak_slab":56,"minecraft:tnt":2,"minecraft:hopper":21,"minecraft:furnace":1,"minecraft:grindstone":8,"minecraft:spruce_stairs":163,"minecraft:chain":14,"minecraft:yellow_bed":9,"minecraft:yellow_carpet":28,"minecraft:pearlescent_froglight":7,"minecraft:observer":23,"minecraft:spruce_fence":9,"minecraft:gray_wool":2284,"minecraft:smooth_red_sandstone_stairs":5,"minecraft:gray_stained_glass":114,"minecraft:obsidian":164,"minecraft:birch_stairs":29,"minecraft:pointed_dripstone":13},"minecraft:custom":{"minecraft:time_since_rest":254902,"minecraft:sprint_one_cm":170628,"minecraft:walk_one_cm":242991,"minecraft:mob_kills":3,"minecraft:drop":2,"minecraft:inspect_hopper":1,"minecraft:damage_dealt":990,"minecraft:interact_with_beacon":2,"minecraft:talked_to_villager":2,"minecraft:fly_one_cm":2650023,"minecraft:open_barrel":4,"minecraft:crouch_one_cm":13002,"minecraft:play_time":254902,"minecraft:open_shulker_box":1,"minecraft:sneak_time":13421,"minecraft:jump":746,"minecraft:leave_game":6,"minecraft:time_since_death":254902,"minecraft:total_world_time":290048,"minecraft:climb_one_cm":12858}},"DataVersion":3337}