{"stats":{"minecraft:used":{"minecraft:oak_fence":16,"minecraft:dark_oak_stairs":2,"minecraft:end_rod":15,"minecraft:iron_bars":9,"minecraft:spruce_door":17,"minecraft:lodestone":7,"minecraft:light_gray_stained_glass_pane":88,"minecraft:cut_red_sandstone_slab":1,"minecraft:smooth_quartz_slab":54,"minecraft:birch_planks":52,"minecraft:spruce_slab":1157,"minecraft:polished_andesite":80,"minecraft:redstone":10,"minecraft:gray_carpet":5,"minecraft:ladder":9,"minecraft:mangrove_planks":2,"minecraft:oak_planks":425,"minecraft:oak_sign":2,"minecraft:light_gray_carpet":17,"minecraft:black_carpet":2,"minecraft:polished_basalt":2,"minecraft:spruce_planks":2539,"minecraft:sandstone":2,"minecraft:composter":1,"minecraft:cauldron":6,"minecraft:smooth_quartz_stairs":9,"minecraft:birch_pressure_plate":2,"minecraft:spyglass":12,"minecraft:mangrove_trapdoor":5,"minecraft:comparator":1,"minecraft:oak_slab":108,"minecraft:jungle_planks":2,"minecraft:spruce_stairs":891,"minecraft:smooth_red_sandstone":4,"minecraft:yellow_concrete":58,"minecraft:deepslate_tile_slab":6,"minecraft:yellow_carpet":39,"minecraft:note_block":3,"minecraft:spruce_fence":105,"minecraft:smooth_red_sandstone_stairs":83,"minecraft:smoker":3,"minecraft:lightning_rod":4,"minecraft:obsidian":205,"minecraft:shroomlight":22,"minecraft:amethyst_cluster":1,"minecraft:glass":18,"minecraft:dark_oak_planks":2,"minecraft:lever":3,"minecraft:flower_pot":5,"minecraft:sea_lantern":26,"minecraft:black_concrete":26,"minecraft:lava_bucket":13,"minecraft:quartz_pillar":1,"minecraft:crying_obsidian":57,"minecraft:gray_shulker_box":33,"minecraft:gray_stained_glass_pane":49,"minecraft:birch_slab":46,"minecraft:iron_block":118,"minecraft:lantern":87,"minecraft:oak_stairs":261,"minecraft:stone_button":7,"minecraft:string":6,"minecraft:verdant_froglight":1,"minecraft:polished_andesite_stairs":146,"minecraft:spruce_trapdoor":17,"minecraft:smooth_quartz":17,"minecraft:iron_door":6,"minecraft:barrel":21,"minecraft:polished_andesite_slab":2,"minecraft:yellow_wool":149,"minecraft:light_gray_wool":1706,"minecraft:tripwire_hook":34,"minecraft:reinforced_deepslate":2,"minecraft:smooth_red_sandstone_slab":14,"minecraft:repeater":1,"minecraft:sweet_berries":57,"minecraft:iron_trapdoor":13,"minecraft:furnace":4,"minecraft:chain":58,"minecraft:yellow_bed":3,"minecraft:black_candle":7,"minecraft:smooth_stone_slab":127,"minecraft:end_portal_frame":1,"minecraft:pearlescent_froglight":1,"minecraft:acacia_planks":2,"minecraft:gray_wool":350,"minecraft:observer":3,"minecraft:smooth_stone":1,"minecraft:pointed_dripstone":1,"minecraft:birch_stairs":18,"minecraft:gray_stained_glass":559},"minecraft:picked_up":{"minecraft:lantern":1,"minecraft:stone_button":1,"minecraft:redstone":2,"minecraft:gray_shulker_box":2,"minecraft:bone_meal":3},"minecraft:custom":{"minecraft:interact_with_furnace":2,"minecraft:tune_noteblock":93,"minecraft:open_barrel":3,"minecraft:open_shulker_box":12,"minecraft:pot_flower":3,"minecraft:leave_game":16,"minecraft:time_since_death":490787,"minecraft:climb_one_cm":3877,"minecraft:time_since_rest":490787,"minecraft:sprint_one_cm":402722,"minecraft:walk_one_cm":370551,"minecraft:damage_dealt":10,"minecraft:fly_one_cm":5752793,"minecraft:crouch_one_cm":17225,"minecraft:play_time":490787,"minecraft:sneak_time":19762,"minecraft:jump":1484,"minecraft:total_world_time":667005}},"DataVersion":3337}